COD_PROV,NOMBRE_PROVEEDOR,TIPO_SERVICIO,IMPORTE_MN,FECHA_PAGO,MES
441071,ENTIDAD PREST.DE SS.DE SANEAM. GRAU    ,Servicios Publicos, 294.35 ,2/01/2019,Enero
439122,LIMA GAS S.A.      ,Servicios Publicos, 1,070.79 ,3/01/2019,Enero
440302,Repsol Comercial SAC      ,Servicios Publicos, 75,829.29 ,3/01/2019,Enero
440948,SOCIEDAD ELECTRICA DEL SUR OESTE S   ,Servicios Publicos, 3,262.20 ,3/01/2019,Enero
440954,Sedapar        ,Servicios Publicos, 119.00 ,3/01/2019,Enero
441078,EMP REG DE SERV PUB DE ELECT DL NOR,Servicios Publicos, 10,692.40 ,3/01/2019,Enero
441127,ELECTRO DUNAS       ,Servicios Publicos, 6,064.79 ,3/01/2019,Enero
441223,ELECTRO SUR ESTE S.A.A.     ,Servicios Publicos, 3,793.30 ,3/01/2019,Enero
441333,ELECTROCENTRO        ,Servicios Publicos, 6,101.90 ,3/01/2019,Enero
441391,HIDRANDINA        ,Servicios Publicos, 19,053.80 ,3/01/2019,Enero
441444,SEDACHIMBOTE S.A.       ,Servicios Publicos, 4,924.30 ,3/01/2019,Enero
460378,EMAPA HUANCAVELICA S.A.C.,Servicios Publicos, 156.80 ,3/01/2019,Enero
484338,KALLPA GENERACION S.A.,Servicios Publicos, 2,879,699.25 ,3/01/2019,Enero
T13868,COESTI S.A.       ,Servicios Publicos, 5,307.55 ,3/01/2019,Enero
439141,RANSA COMERCIAL S.A.      ,Operador Logistico, 402,023.79 ,8/01/2019,Enero
440302,Repsol Comercial SAC      ,Servicios Publicos, 11,151.00 ,8/01/2019,Enero
440302,Repsol Comercial SAC      ,Servicios Publicos, 11,151.00 ,8/01/2019,Enero
440925,BOLSA DE VALORES DE LIMA S.A.,Gobierno, 28,041.58 ,8/01/2019,Enero
440925,BOLSA DE VALORES DE LIMA S.A.,Gobierno, 28,041.58 ,8/01/2019,Enero
440954,Sedapar        ,Servicios Publicos, 185,042.20 ,8/01/2019,Enero
440954,Sedapar        ,Servicios Publicos, 185,042.20 ,8/01/2019,Enero
441621,sind obreros cerveceros,People, 111,347.00 ,8/01/2019,Enero
464191,AUSA ADUANAS S.A.,Comex, 660,000.00 ,8/01/2019,Enero
903090,SINTRAEBACKUS,People, 8,290.00 ,8/01/2019,Enero
439122,LIMA GAS S.A.      ,Servicios Publicos, 1,223.76 ,10/01/2019,Enero
440302,Repsol Comercial SAC      ,Servicios Publicos, 54,015.44 ,10/01/2019,Enero
440948,SOCIEDAD ELECTRICA DEL SUR OESTE S   ,Servicios Publicos, 666.70 ,10/01/2019,Enero
T13868,COESTI S.A.       ,Servicios Publicos, 49,461.37 ,10/01/2019,Enero
481929,Herza corporate Y circuits,People, 4,994.00 ,14/01/2019,Enero
483421,Cooperativa Finantel       ,People, 1,155,077.35 ,14/01/2019,Enero
902496,cooperativa de servicios multiples,People, 100,136.44 ,14/01/2019,Enero
439122,LIMA GAS S.A.      ,Servicios Publicos, 1,631.68 ,15/01/2019,Enero
439189,SEDAPAL        ,Servicios Publicos, 76.99 ,15/01/2019,Enero
440948,SOCIEDAD ELECTRICA DEL SUR OESTE S   ,Servicios Publicos, 3,994.20 ,15/01/2019,Enero
440954,Sedapar        ,Servicios Publicos, 6,837.80 ,15/01/2019,Enero
441070,441070 ELECTRONOROESTE S.A      ,Servicios Publicos, 2,211.90 ,15/01/2019,Enero
441071,ENTIDAD PREST.DE SS.DE SANEAM. GRAU    ,Servicios Publicos, 538.85 ,15/01/2019,Enero
441127,ELECTRO DUNAS       ,Servicios Publicos, 3,973.00 ,15/01/2019,Enero
441240,EMP.REG.SERV.PUB.ELECT.ELECTROSUR S       ,Servicios Publicos, 1,551.85 ,15/01/2019,Enero
441275,SEDAM HUANCAYO S.A.      ,Servicios Publicos, 34.40 ,15/01/2019,Enero
441333,ELECTROCENTRO        ,Servicios Publicos, 11,084.50 ,15/01/2019,Enero
441384,SEDALIB S.A.       ,Servicios Publicos, 2,676.70 ,15/01/2019,Enero
441445,eps Seda Cusco      ,Servicios Publicos, 1,608.70 ,15/01/2019,Enero
445399,ENT.PREST.SERVICIOS DE SANEAMIENTO      ,Servicios Publicos, 603.30 ,15/01/2019,Enero
445715,DIRECTV  PERU SRL,Servicios Publicos, 2,590.67 ,15/01/2019,Enero
460378,EMAPA HUANCAVELICA S.A.C.,Servicios Publicos, 169.10 ,15/01/2019,Enero
462721,E.P.S. ILO S.A.      ,Servicios Publicos, 145.70 ,15/01/2019,Enero
483421,Cooperativa Finantel       ,People, 1,155,077.35 ,15/01/2019,Enero
T13868,COESTI S.A.       ,Servicios Publicos, 29,015.05 ,15/01/2019,Enero
439189,SEDAPAL        ,Servicios Publicos, 7,134.81 ,17/01/2019,Enero
439828,ENEL DISTRIBUCION PERU S.A.A     ,Servicios Publicos, 10,768.50 ,17/01/2019,Enero
439918,Quimpac SA       ,Suministros para produccion, 74,326.49 ,17/01/2019,Enero
439918,Quimpac SA       ,Suministros para produccion, 637,236.63 ,17/01/2019,Enero
439921,LUZ DEL SUR      ,Servicios Publicos, 39,347.00 ,17/01/2019,Enero
441127,ELECTRO DUNAS       ,Servicios Publicos, 3,451.00 ,17/01/2019,Enero
441127,ELECTRO DUNAS       ,Servicios Publicos, 2,913.00 ,17/01/2019,Enero
441562,MUNICIP PROVINCIAL DE SAN ROMAN JULIACA   ,Impuestos, 1,508.65 ,17/01/2019,Enero
441617,MUNICIPALIDAD PROVINCIAL DEL CUSCO     ,Impuestos, 176,224.58 ,17/01/2019,Enero
441724,Poma de Romero      ,Alquiler, 5,335.00 ,17/01/2019,Enero
442235,PERURAIL        ,Transportadora , 26,265.28 ,17/01/2019,Enero
442538,ELECTRO PUNO S.A.A.      ,Servicios Publicos, 5,809.80 ,17/01/2019,Enero
446287,BRITISH AMERICAN HOSPITAL S.A.,Servicios Publicos, 125,450.95 ,17/01/2019,Enero
448092,EMAPA CANETE SA      ,Servicios Publicos, 344.30 ,17/01/2019,Enero
455787,RIMAC EPS       ,People, 5,470.68 ,17/01/2019,Enero
461192,Montes Salinas Luis Gualberto     ,Alquiler, 16,000.00 ,17/01/2019,Enero
481455,ONCOSALUD SAC,People, 387,956.00 ,17/01/2019,Enero
482744,RELSA        ,Alquiler, 388,814.88 ,17/01/2019,Enero
441391,HIDRANDINA        ,Servicios Publicos, 5,209.70 ,18/01/2019,Enero
439921,LUZ DEL SUR      ,Servicios Publicos, 22,643.20 ,21/01/2019,Enero
439921,LUZ DEL SUR      ,Servicios Publicos, 8,191.20 ,21/01/2019,Enero
439921,LUZ DEL SUR      ,Servicios Publicos, 25,489.70 ,21/01/2019,Enero
439122,LIMA GAS S.A.      ,Servicios Publicos, 815.84 ,22/01/2019,Enero
439828,ENEL DISTRIBUCION PERU S.A.A     ,Servicios Publicos, 20,642.50 ,22/01/2019,Enero
440302,Repsol Comercial SAC      ,Servicios Publicos, 225,989.76 ,22/01/2019,Enero
441070,441070 ELECTRONOROESTE S.A      ,Servicios Publicos, 10,956.50 ,22/01/2019,Enero
441071,ENTIDAD PREST.DE SS.DE SANEAM. GRAU    ,Servicios Publicos, 500.60 ,22/01/2019,Enero
441078,EMP REG DE SERV PUB DE ELECT DL NOR,Servicios Publicos, 42,804.30 ,22/01/2019,Enero
441223,ELECTRO SUR ESTE S.A.A.     ,Servicios Publicos, 2,433.95 ,22/01/2019,Enero
441240,EMP.REG.SERV.PUB.ELECT.ELECTROSUR S       ,Servicios Publicos, 3,233.60 ,22/01/2019,Enero
441275,SEDAM HUANCAYO S.A.      ,Servicios Publicos, 670.30 ,22/01/2019,Enero
441391,HIDRANDINA        ,Servicios Publicos, 5,899.60 ,22/01/2019,Enero
441655,EMAPA HUARAL S.A.,Servicios Publicos, 236.20 ,22/01/2019,Enero
462721,E.P.S. ILO S.A.      ,Servicios Publicos, 145.80 ,22/01/2019,Enero
439918,Quimpac SA       ,Suministros para produccion, 15,388.38 ,24/01/2019,Enero
439918,Quimpac SA       ,Suministros para produccion, 352,152.77 ,24/01/2019,Enero
439921,LUZ DEL SUR      ,Servicios Publicos, 35,132.40 ,24/01/2019,Enero
439921,LUZ DEL SUR      ,Servicios Publicos, 4,214.60 ,24/01/2019,Enero
439921,LUZ DEL SUR      ,Servicios Publicos, 39,129.80 ,24/01/2019,Enero
440948,SOCIEDAD ELECTRICA DEL SUR OESTE S   ,Servicios Publicos, 1,175.80 ,24/01/2019,Enero
440954,Sedapar        ,Servicios Publicos, 158.30 ,24/01/2019,Enero
441357,MUNICIPALIDAD DISTRITAL DEL RIMAC     ,Impuestos, 7,954.50 ,24/01/2019,Enero
441655,EMAPA HUARAL S.A.,Servicios Publicos, 234.00 ,24/01/2019,Enero
443773,SERVICIO DE ADMINISTRACION TRIBUTARIA DE CHICLAYO   SATCH ,Impuestos, 264.35 ,24/01/2019,Enero
464191,AUSA ADUANAS S.A.,Comex, 2,159.40 ,24/01/2019,Enero
484338,KALLPA GENERACION S.A.,Servicios Publicos, 8,573.75 ,24/01/2019,Enero
484338,KALLPA GENERACION S.A.,Servicios Publicos, 2,871,188.48 ,25/01/2019,Enero
439122,LIMA GAS S.A.      ,Servicios Publicos, 1,070.79 ,29/01/2019,Enero
439921,LUZ DEL SUR      ,Servicios Publicos, 4,502.20 ,29/01/2019,Enero
440954,Sedapar        ,Servicios Publicos, 174,888.90 ,29/01/2019,Enero
441127,ELECTRO DUNAS       ,Servicios Publicos, 3,578.50 ,29/01/2019,Enero
441223,ELECTRO SUR ESTE S.A.A.     ,Servicios Publicos, 40.90 ,29/01/2019,Enero
441391,HIDRANDINA        ,Servicios Publicos, 9,943.70 ,29/01/2019,Enero
441391,HIDRANDINA        ,Servicios Publicos, 4,148.40 ,29/01/2019,Enero
441445,eps Seda Cusco      ,Servicios Publicos, 386,315.00 ,29/01/2019,Enero
445227,EMPRESA MUNICIPAL AGUA POTABLE Y AL   ,Servicios Publicos, 259.20 ,29/01/2019,Enero
439918,Quimpac SA       ,Suministros para produccion, 56,778.06 ,31/01/2019,Enero
441078,EMP REG DE SERV PUB DE ELECT DL NOR,Servicios Publicos, 11,114.40 ,31/01/2019,Enero
441353,Superintendencia del Mercado de Valores    ,Valores , 4.27 ,31/01/2019,Enero
441353,Superintendencia del Mercado de Valores    ,Valores , 47,258.29 ,31/01/2019,Enero
458643,Tupay Quispe Alejandra      ,Alquiler, 6,000.00 ,31/01/2019,Enero
461192,Montes Salinas Luis Gualberto     ,Alquiler, 54,000.00 ,31/01/2019,Enero
467013,NEOGAS PERU SOCIEDAD ANONIMA     ,Servicios Publicos, 248,417.06 ,31/01/2019,Enero
481455,ONCOSALUD SAC,People, 8,822.78 ,31/01/2019,Enero
482293,Nouchi Zea       ,Alquiler, 9,500.00 ,31/01/2019,Enero
482744,RELSA        ,Alquiler, 34,625.72 ,31/01/2019,Enero
439122,LIMA GAS S.A.      ,Servicios Publicos, 356.93 ,5/02/2019,Febrero
439189,SEDAPAL        ,Servicios Publicos, 63,521.60 ,5/02/2019,Febrero
439828,ENEL DISTRIBUCION PERU S.A.A     ,Servicios Publicos, 16,141.50 ,5/02/2019,Febrero
441127,ELECTRO DUNAS       ,Servicios Publicos, 3,140.00 ,5/02/2019,Febrero
441223,ELECTRO SUR ESTE S.A.A.     ,Servicios Publicos, 3,065.15 ,5/02/2019,Febrero
441240,EMP.REG.SERV.PUB.ELECT.ELECTROSUR S       ,Servicios Publicos, 1,631.35 ,5/02/2019,Febrero
441391,HIDRANDINA        ,Servicios Publicos, 5,341.10 ,5/02/2019,Febrero
484338,KALLPA GENERACION S.A.,Servicios Publicos, 2,939,319.09 ,5/02/2019,Febrero
T13868,COESTI S.A.       ,Servicios Publicos, 80,550.26 ,5/02/2019,Febrero
441621,sind obreros cerveceros,People, 77,490.00 ,6/02/2019,Febrero
483421,Cooperativa Finantel       ,People, 40,210.38 ,6/02/2019,Febrero
902496,cooperativa de servicios multiples,People, 131,728.75 ,6/02/2019,Febrero
903090,SINTRAEBACKUS,People, 10,000.00 ,6/02/2019,Febrero
440837,RIMAC SEGUROS Y REASEGUROS    VALIDARLO,Seguros, 729,059.19 ,7/02/2019,Febrero
464191,AUSA ADUANAS S.A.,Comex, 60,000.00 ,7/02/2019,Febrero
483421,Cooperativa Finantel       ,People, 46,751.67 ,11/02/2019,Febrero
902496,cooperativa de servicios multiples,People, 33,604.70 ,11/02/2019,Febrero
440302,Repsol Comercial SAC      ,Servicios Publicos, 379,234.17 ,12/02/2019,Febrero
441070,441070 ELECTRONOROESTE S.A      ,Servicios Publicos, 3,756.00 ,12/02/2019,Febrero
441127,ELECTRO DUNAS       ,Servicios Publicos, 1,834.00 ,12/02/2019,Febrero
441223,ELECTRO SUR ESTE S.A.A.     ,Servicios Publicos, 2,113.05 ,12/02/2019,Febrero
441333,ELECTROCENTRO        ,Servicios Publicos, 622.60 ,12/02/2019,Febrero
441384,SEDALIB S.A.       ,Servicios Publicos, 3,073.90 ,12/02/2019,Febrero
441444,SEDACHIMBOTE S.A.       ,Servicios Publicos, 3,029.50 ,12/02/2019,Febrero
441445,eps Seda Cusco      ,Servicios Publicos, 1,749.20 ,12/02/2019,Febrero
445715,DIRECTV  PERU SRL,Servicios Publicos, 1,314.51 ,12/02/2019,Febrero
T13868,COESTI S.A.       ,Servicios Publicos, 299,617.56 ,12/02/2019,Febrero
439141,RANSA COMERCIAL S.A.      ,Operador Logistico, 843,895.79 ,14/02/2019,Febrero
439189,SEDAPAL        ,Servicios Publicos, 9,649.79 ,14/02/2019,Febrero
439189,SEDAPAL        ,Servicios Publicos, 4,809.60 ,14/02/2019,Febrero
439575,SENATI        ,Impuestos, 1,699.20 ,14/02/2019,Febrero
439918,Quimpac SA       ,Suministros para produccion, 50,151.95 ,14/02/2019,Febrero
439918,Quimpac SA       ,Suministros para produccion, 70,692.53 ,14/02/2019,Febrero
440302,Repsol Comercial SAC      ,Servicios Publicos, 379,234.17 ,14/02/2019,Febrero
441617,MUNICIPALIDAD PROVINCIAL DEL CUSCO     ,Impuestos, 2,400.00 ,14/02/2019,Febrero
442235,PERURAIL        ,Transportadora , 19,698.96 ,14/02/2019,Febrero
455787,RIMAC EPS       ,People, 2,286,428.96 ,14/02/2019,Febrero
455787,RIMAC EPS       ,People, 958,022.86 ,14/02/2019,Febrero
482293,Nouchi Zea       ,Alquiler, 9,500.00 ,14/02/2019,Febrero
482744,RELSA        ,Alquiler, 62,978.62 ,14/02/2019,Febrero
482744,RELSA        ,Alquiler, 12,166.38 ,14/02/2019,Febrero
T13868,COESTI S.A.       ,Servicios Publicos, 51,091.64 ,14/02/2019,Febrero
440948,SOCIEDAD ELECTRICA DEL SUR OESTE S   ,Servicios Publicos, 18.10 ,19/02/2019,Febrero
440948,SOCIEDAD ELECTRICA DEL SUR OESTE S   ,Servicios Publicos, 18.10 ,19/02/2019,Febrero
441127,ELECTRO DUNAS       ,Servicios Publicos, 3,311.00 ,19/02/2019,Febrero
441275,SEDAM HUANCAYO S.A.      ,Servicios Publicos, 702.10 ,19/02/2019,Febrero
441333,ELECTROCENTRO        ,Servicios Publicos, 11,172.40 ,19/02/2019,Febrero
441333,ELECTROCENTRO        ,Servicios Publicos, 11,172.40 ,19/02/2019,Febrero
441445,eps Seda Cusco      ,Servicios Publicos, 430,895.90 ,19/02/2019,Febrero
441445,eps Seda Cusco      ,Servicios Publicos, 430,895.90 ,19/02/2019,Febrero
445399,ENT.PREST.SERVICIOS DE SANEAMIENTO      ,Servicios Publicos, 577.50 ,19/02/2019,Febrero
446450,GAS NATURAL DE LIMA Y CALLAO S.A.,Servicios Publicos, 1,206,239.20 ,19/02/2019,Febrero
448092,EMAPA CANETE SA      ,Servicios Publicos, 582.80 ,19/02/2019,Febrero
460378,EMAPA HUANCAVELICA S.A.C.,Servicios Publicos, 180.00 ,19/02/2019,Febrero
460378,EMAPA HUANCAVELICA S.A.C.,Servicios Publicos, 180.00 ,19/02/2019,Febrero
T13868,COESTI S.A.       ,Servicios Publicos, 91,541.49 ,19/02/2019,Febrero
T13868,COESTI S.A.       ,Servicios Publicos, 91,541.49 ,19/02/2019,Febrero
439189,SEDAPAL        ,Servicios Publicos, 22,874.70 ,21/02/2019,Febrero
439189,SEDAPAL        ,Servicios Publicos, 71,309.50 ,21/02/2019,Febrero
439918,Quimpac SA       ,Suministros para produccion, 56,643.54 ,21/02/2019,Febrero
439918,Quimpac SA       ,Suministros para produccion, 286,790.41 ,21/02/2019,Febrero
440837,RIMAC SEGUROS Y REASEGUROS    VALIDARLO,Seguros, 364.62 ,21/02/2019,Febrero
440948,SOCIEDAD ELECTRICA DEL SUR OESTE S   ,Servicios Publicos, 1,178.30 ,21/02/2019,Febrero
441070,441070 ELECTRONOROESTE S.A      ,Servicios Publicos, 14,849.90 ,21/02/2019,Febrero
441071,ENTIDAD PREST.DE SS.DE SANEAM. GRAU    ,Servicios Publicos, 975.70 ,21/02/2019,Febrero
441724,Poma de Romero      ,Alquiler, 5,335.00 ,21/02/2019,Febrero
442538,ELECTRO PUNO S.A.A.      ,Servicios Publicos, 5,754.10 ,21/02/2019,Febrero
455787,RIMAC EPS       ,People, 10,465.48 ,21/02/2019,Febrero
458643,Tupay Quispe Alejandra      ,Alquiler, 6,000.00 ,21/02/2019,Febrero
481455,ONCOSALUD SAC,People, 8,610.97 ,21/02/2019,Febrero
464191,AUSA ADUANAS S.A.,Comex, 86,268.00 ,22/02/2019,Febrero
439921,LUZ DEL SUR      ,Servicios Publicos, 4,387.70 ,26/02/2019,Febrero
440954,Sedapar        ,Servicios Publicos, 117.80 ,26/02/2019,Febrero
441070,441070 ELECTRONOROESTE S.A      ,Servicios Publicos, 6.40 ,26/02/2019,Febrero
441078,EMP REG DE SERV PUB DE ELECT DL NOR,Servicios Publicos, 58,612.46 ,26/02/2019,Febrero
441096,MUNICIPALIDAD PROVINCIAL DE MAYNAS     ,Impuestos, 551.02 ,26/02/2019,Febrero
441096,MUNICIPALIDAD PROVINCIAL DE MAYNAS     ,Impuestos, 959.79 ,26/02/2019,Febrero
441127,ELECTRO DUNAS       ,Servicios Publicos, 3,500.00 ,26/02/2019,Febrero
441223,ELECTRO SUR ESTE S.A.A.     ,Servicios Publicos, 2,364.25 ,26/02/2019,Febrero
441240,EMP.REG.SERV.PUB.ELECT.ELECTROSUR S       ,Servicios Publicos, 3,202.90 ,26/02/2019,Febrero
441357,MUNICIPALIDAD DISTRITAL DEL RIMAC     ,Impuestos, 134,186.16 ,26/02/2019,Febrero
441357,MUNICIPALIDAD DISTRITAL DEL RIMAC     ,Impuestos, 677,218.30 ,26/02/2019,Febrero
441391,HIDRANDINA        ,Servicios Publicos, 4,228.00 ,26/02/2019,Febrero
441444,SEDACHIMBOTE S.A.       ,Servicios Publicos, 1,786.40 ,26/02/2019,Febrero
441445,eps Seda Cusco      ,Servicios Publicos, 1,519.80 ,26/02/2019,Febrero
441500,MUNICIPALIDAD PROVINCIAL DE TACNA     ,Impuestos, 4,981.48 ,26/02/2019,Febrero
441500,MUNICIPALIDAD PROVINCIAL DE TACNA     ,Impuestos, 9,279.60 ,26/02/2019,Febrero
441530,MUNICIPALIDAD DISTRITAL DE WANCHAQ     ,Impuestos, 1,680.00 ,26/02/2019,Febrero
441530,MUNICIPALIDAD DISTRITAL DE WANCHAQ     ,Impuestos, 2,938.00 ,26/02/2019,Febrero
441617,MUNICIPALIDAD PROVINCIAL DEL CUSCO     ,Impuestos, 184,206.72 ,26/02/2019,Febrero
442584,MUNICIPALIDAD DISTRITAL DE SACHACA     ,Impuestos, 2,104.41 ,26/02/2019,Febrero
442584,MUNICIPALIDAD DISTRITAL DE SACHACA     ,Impuestos, 174,508.72 ,26/02/2019,Febrero
445227,EMPRESA MUNICIPAL AGUA POTABLE Y AL   ,Servicios Publicos, 266.90 ,26/02/2019,Febrero
445638,MUNICIPALIDAD DISTRITAL DE ATE     ,Impuestos, 224,285.16 ,26/02/2019,Febrero
445638,MUNICIPALIDAD DISTRITAL DE ATE     ,Impuestos, 681,900.50 ,26/02/2019,Febrero
446666,MUNICIPALIDAD PROVINCIAL DE CAMANA     ,Impuestos, 477.00 ,26/02/2019,Febrero
446666,MUNICIPALIDAD PROVINCIAL DE CAMANA     ,Impuestos, 4,952.96 ,26/02/2019,Febrero
449495,MUNICIPALIDAD PROVINCIAL DE NASCA     ,Impuestos, 8,411.52 ,26/02/2019,Febrero
449495,MUNICIPALIDAD PROVINCIAL DE NASCA     ,Impuestos, 11,574.37 ,26/02/2019,Febrero
458174,MUNICIPALIDAD DISTRITAL DE POCOLLAY     ,Impuestos, 784.37 ,26/02/2019,Febrero
458174,MUNICIPALIDAD DISTRITAL DE POCOLLAY     ,Impuestos, 14,252.42 ,26/02/2019,Febrero
467013,NEOGAS PERU SOCIEDAD ANONIMA     ,Servicios Publicos, 273,774.94 ,26/02/2019,Febrero
481464,MUNICIPALIDAD DISTRITAL DE SAUSA     ,Impuestos, 1,841.08 ,26/02/2019,Febrero
T13888,MUNICIPALIDAD DISTRITAL DE PUNCHANA     ,Impuestos, 434.16 ,26/02/2019,Febrero
T13888,MUNICIPALIDAD DISTRITAL DE PUNCHANA     ,Impuestos, 1,243.60 ,26/02/2019,Febrero
441361,MUNICIPALIDAD PROVINCIAL DEL CALLAO     ,Impuestos, 55,361.84 ,27/02/2019,Febrero
441361,MUNICIPALIDAD PROVINCIAL DEL CALLAO     ,Impuestos, 61,875.78 ,27/02/2019,Febrero
439141,RANSA COMERCIAL S.A.      ,Operador Logistico, 29,030.96 ,28/02/2019,Febrero
439918,Quimpac SA       ,Suministros para produccion, 147,587.50 ,28/02/2019,Febrero
441353,Superintendencia del Mercado de Valores    ,Valores , 42,532.46 ,28/02/2019,Febrero
441391,HIDRANDINA        ,Servicios Publicos, 5,006.00 ,28/02/2019,Febrero
481455,ONCOSALUD SAC,People, 185,612.89 ,28/02/2019,Febrero
441491,MUNICIPALIDAD PROVINCIAL DE TALARA     ,Impuestos, 11,999.60 ,1/03/2019,Marzo
441491,MUNICIPALIDAD PROVINCIAL DE TALARA     ,Impuestos, 15,789.40 ,1/03/2019,Marzo
440302,Repsol Comercial SAC      ,Servicios Publicos, 93,536.50 ,5/03/2019,Marzo
440954,Sedapar        ,Servicios Publicos, 175,440.10 ,5/03/2019,Marzo
441223,ELECTRO SUR ESTE S.A.A.     ,Servicios Publicos, 2,656.50 ,5/03/2019,Marzo
462721,E.P.S. ILO S.A.      ,Servicios Publicos, 143.30 ,5/03/2019,Marzo
484338,KALLPA GENERACION S.A.,Servicios Publicos, 2,776,744.46 ,5/03/2019,Marzo
441621,sind obreros cerveceros,People, 63,460.00 ,6/03/2019,Marzo
483421,Cooperativa Finantel       ,People, 129,741.65 ,6/03/2019,Marzo
902496,cooperativa de servicios multiples,People, 144,258.60 ,6/03/2019,Marzo
903090,SINTRAEBACKUS,People, 9,090.00 ,6/03/2019,Marzo
441617,MUNICIPALIDAD PROVINCIAL DEL CUSCO     ,Impuestos, 6,180.00 ,7/03/2019,Marzo
464191,AUSA ADUANAS S.A.,Comex, 5,223.08 ,7/03/2019,Marzo
464191,AUSA ADUANAS S.A.,Comex, 49,816.74 ,7/03/2019,Marzo
464191,AUSA ADUANAS S.A.,Comex, 660,000.00 ,7/03/2019,Marzo
903090,SINTRAEBACKUS,People, 5,000.00 ,7/03/2019,Marzo
440302,Repsol Comercial SAC      ,Servicios Publicos, 49,880.02 ,12/03/2019,Marzo
440302,Repsol Comercial SAC      ,Servicios Publicos, 34,745.92 ,12/03/2019,Marzo
440925,BOLSA DE VALORES DE LIMA S.A.,Gobierno, 56,083.16 ,12/03/2019,Marzo
440948,SOCIEDAD ELECTRICA DEL SUR OESTE S   ,Servicios Publicos, 1,398.33 ,12/03/2019,Marzo
440954,Sedapar        ,Servicios Publicos, 7,725.70 ,12/03/2019,Marzo
441127,ELECTRO DUNAS       ,Servicios Publicos, 1,962.50 ,12/03/2019,Marzo
441223,ELECTRO SUR ESTE S.A.A.     ,Servicios Publicos, 66.40 ,12/03/2019,Marzo
441240,EMP.REG.SERV.PUB.ELECT.ELECTROSUR S       ,Servicios Publicos, 1,696.60 ,12/03/2019,Marzo
441445,eps Seda Cusco      ,Servicios Publicos, 397,513.80 ,12/03/2019,Marzo
441549,EMP SERV MUNI AGUA P ALC CHINCHA S ,Servicios Publicos, 8.90 ,12/03/2019,Marzo
445715,DIRECTV  PERU SRL,Servicios Publicos, 1,418.00 ,12/03/2019,Marzo
464191,AUSA ADUANAS S.A.,Comex, 1,047.74 ,12/03/2019,Marzo
464191,AUSA ADUANAS S.A.,Comex, 2,079.92 ,12/03/2019,Marzo
467013,NEOGAS PERU SOCIEDAD ANONIMA     ,Servicios Publicos, 228,785.22 ,12/03/2019,Marzo
482293,Nouchi Zea       ,Alquiler, 9,500.00 ,12/03/2019,Marzo
484338,KALLPA GENERACION S.A.,Servicios Publicos, 203,331.66 ,12/03/2019,Marzo
T13868,COESTI S.A.       ,Servicios Publicos, 78,835.38 ,12/03/2019,Marzo
439141,RANSA COMERCIAL S.A.      ,Operador Logistico, 131,881.11 ,14/03/2019,Marzo
439465,QUIMTIA SA       ,Suministros para produccion, 3,280.03 ,14/03/2019,Marzo
439918,Quimpac SA       ,Suministros para produccion, 38,693.50 ,14/03/2019,Marzo
439918,Quimpac SA       ,Suministros para produccion, 432,455.18 ,14/03/2019,Marzo
440302,Repsol Comercial SAC      ,Servicios Publicos, 74,849.50 ,14/03/2019,Marzo
440837,RIMAC SEGUROS Y REASEGUROS    VALIDARLO,Seguros, 7,784.64 ,14/03/2019,Marzo
441391,HIDRANDINA        ,Servicios Publicos, 16,845.40 ,14/03/2019,Marzo
441500,MUNICIPALIDAD PROVINCIAL DE TACNA     ,Impuestos, 1,244.01 ,14/03/2019,Marzo
441556,MUNICIPALIDAD DISTRITAL DE PIMENTEL     ,Impuestos, 43,314.97 ,14/03/2019,Marzo
441556,MUNICIPALIDAD DISTRITAL DE PIMENTEL     ,Impuestos, 4,707.84 ,14/03/2019,Marzo
441617,MUNICIPALIDAD PROVINCIAL DEL CUSCO     ,Impuestos, 81,600.00 ,14/03/2019,Marzo
441617,MUNICIPALIDAD PROVINCIAL DEL CUSCO     ,Impuestos, 70,358.64 ,14/03/2019,Marzo
441655,EMAPA HUARAL S.A.,Servicios Publicos, 290.30 ,14/03/2019,Marzo
455787,RIMAC EPS       ,People, 1,347,674.97 ,14/03/2019,Marzo
482744,RELSA        ,Alquiler, 449,299.42 ,14/03/2019,Marzo
T13868,COESTI S.A.       ,Servicios Publicos, 45,354.78 ,14/03/2019,Marzo
439921,LUZ DEL SUR      ,Servicios Publicos, 45,668.30 ,19/03/2019,Marzo
440302,Repsol Comercial SAC      ,Servicios Publicos, 122,603.71 ,19/03/2019,Marzo
441070,441070 ELECTRONOROESTE S.A      ,Servicios Publicos, 6,682.30 ,19/03/2019,Marzo
441391,HIDRANDINA        ,Servicios Publicos, 12,097.30 ,19/03/2019,Marzo
441391,HIDRANDINA        ,Servicios Publicos, 5,389.10 ,19/03/2019,Marzo
462721,E.P.S. ILO S.A.      ,Servicios Publicos, 62.70 ,19/03/2019,Marzo
482744,RELSA        ,Alquiler, 7,028.58 ,19/03/2019,Marzo
484338,KALLPA GENERACION S.A.,Servicios Publicos, 381.49 ,19/03/2019,Marzo
T13868,COESTI S.A.       ,Servicios Publicos, 14,980.06 ,19/03/2019,Marzo
439918,Quimpac SA       ,Suministros para produccion, 6,570.24 ,21/03/2019,Marzo
439918,Quimpac SA       ,Suministros para produccion, 72,499.39 ,21/03/2019,Marzo
440302,Repsol Comercial SAC      ,Servicios Publicos, 240,131.93 ,21/03/2019,Marzo
440948,SOCIEDAD ELECTRICA DEL SUR OESTE S   ,Servicios Publicos, 1,575.30 ,21/03/2019,Marzo
441070,441070 ELECTRONOROESTE S.A      ,Servicios Publicos, 12,458.80 ,21/03/2019,Marzo
441071,ENTIDAD PREST.DE SS.DE SANEAM. GRAU    ,Servicios Publicos, 500.20 ,21/03/2019,Marzo
441078,EMP REG DE SERV PUB DE ELECT DL NOR,Servicios Publicos, 46,436.58 ,21/03/2019,Marzo
441127,ELECTRO DUNAS       ,Servicios Publicos, 2,826.00 ,21/03/2019,Marzo
441240,EMP.REG.SERV.PUB.ELECT.ELECTROSUR S       ,Servicios Publicos, 3,153.10 ,21/03/2019,Marzo
441333,ELECTROCENTRO        ,Servicios Publicos, 5,180.90 ,21/03/2019,Marzo
441557,MUNICIPALIDAD DISTRITAL DE LA ESPERANZA    ,Impuestos, 78,522.45 ,21/03/2019,Marzo
441724,Poma de Romero      ,Alquiler, 5,335.00 ,21/03/2019,Marzo
442439,SERVICIO DE ADMINISTRACION TRIBUTARIA DE TRUJILLO   ,Impuestos, 13,320.56 ,21/03/2019,Marzo
442600,MUNICIPALIDAD DISTRITAL DE SAN MATEO    ,Impuestos, 16,795.48 ,21/03/2019,Marzo
445227,EMPRESA MUNICIPAL AGUA POTABLE Y AL   ,Servicios Publicos, 267.70 ,21/03/2019,Marzo
445399,ENT.PREST.SERVICIOS DE SANEAMIENTO      ,Servicios Publicos, 670.90 ,21/03/2019,Marzo
464191,AUSA ADUANAS S.A.,Comex, 660,000.00 ,21/03/2019,Marzo
464191,AUSA ADUANAS S.A.,Comex, 12,618.67 ,21/03/2019,Marzo
471574,MUNICIPALIDAD PROVINCIAL DE MARISCAL NIETO    ,Impuestos, 1,324.64 ,21/03/2019,Marzo
482744,RELSA        ,Alquiler, 58,392.96 ,21/03/2019,Marzo
482744,RELSA        ,Alquiler, 3,332.42 ,21/03/2019,Marzo
440302,Repsol Comercial SAC      ,Servicios Publicos, 74,957.75 ,26/03/2019,Marzo
441070,441070 ELECTRONOROESTE S.A      ,Servicios Publicos, 4,104.60 ,26/03/2019,Marzo
441071,ENTIDAD PREST.DE SS.DE SANEAM. GRAU    ,Servicios Publicos, 297.40 ,26/03/2019,Marzo
441240,EMP.REG.SERV.PUB.ELECT.ELECTROSUR S       ,Servicios Publicos, 1,698.50 ,26/03/2019,Marzo
441275,SEDAM HUANCAYO S.A.      ,Servicios Publicos, 727.90 ,26/03/2019,Marzo
441275,SEDAM HUANCAYO S.A.      ,Servicios Publicos, 21.06 ,26/03/2019,Marzo
441333,ELECTROCENTRO        ,Servicios Publicos, 5,411.90 ,26/03/2019,Marzo
441384,SEDALIB S.A.       ,Servicios Publicos, 3,620.10 ,26/03/2019,Marzo
441444,SEDACHIMBOTE S.A.       ,Servicios Publicos, 598.60 ,26/03/2019,Marzo
T13868,COESTI S.A.       ,Servicios Publicos, 3,460.33 ,26/03/2019,Marzo
440948,SOCIEDAD ELECTRICA DEL SUR OESTE S   ,Servicios Publicos, 437.90 ,28/03/2019,Marzo
440954,Sedapar        ,Servicios Publicos, 166.10 ,28/03/2019,Marzo
441078,EMP REG DE SERV PUB DE ELECT DL NOR,Servicios Publicos, 14,260.00 ,28/03/2019,Marzo
441333,ELECTROCENTRO        ,Servicios Publicos, 460.10 ,28/03/2019,Marzo
441353,Superintendencia del Mercado de Valores    ,Valores , 42,532.46 ,28/03/2019,Marzo
441542,MUNICIPALIDAD DISTRITAL DE MOTUPE     ,Impuestos, 156,803.55 ,28/03/2019,Marzo
442538,ELECTRO PUNO S.A.A.      ,Servicios Publicos, 6,461.90 ,28/03/2019,Marzo
458643,Tupay Quispe Alejandra      ,Alquiler, 6,000.00 ,28/03/2019,Marzo
460378,EMAPA HUANCAVELICA S.A.C.,Servicios Publicos, 151.60 ,28/03/2019,Marzo
482293,Nouchi Zea       ,Alquiler, 9,500.00 ,28/03/2019,Marzo
482744,RELSA        ,Alquiler, 3,696.50 ,28/03/2019,Marzo
